epoch,time,train/box_loss,train/cls_loss,train/dfl_loss,metrics/precision(B),metrics/recall(B),metrics/mAP50(B),metrics/mAP50-95(B),val/box_loss,val/cls_loss,val/dfl_loss,lr/pg0,lr/pg1,lr/pg2
1,131.404,0.86002,1.77976,1.13935,0.01327,0.95917,0.92103,0.75311,0.59349,2.52887,0.87524,0.00062,0.00062,0.00062
2,127.974,0.87014,1.25113,1.16756,0.72726,0.25832,0.42823,0.3518,0.7584,2.51971,1.12013,0.00124441,0.00124441,0.00124441
3,294.016,0.88068,1.07755,1.14415,0.95286,0.78303,0.87528,0.72441,0.7093,1.48565,1.03623,0.00185297,0.00185297,0.00185297
